{"cameraMode":{"drawMode":0,"name":"Shaded","section":"Shading Mode"},"sceneLighting":false,"audioPlay":false,"sceneViewState":{"m_AlwaysRefresh":false,"showFog":true,"showSkybox":false,"showFlares":true,"showImageEffects":true,"showParticleSystems":true,"showVisualEffectGraphs":true,"m_FxEnabled":true},"in2DMode":false,"pivot":{"x":-7.809375286102295,"y":-26.409564971923829,"z":15.845108032226563},"rotation":{"x":-0.05754642188549042,"y":-0.20312097668647767,"z":0.011959322728216648,"w":-0.9773891568183899},"size":5.137181282043457,"orthographic":false}